{"y_mean": 29.959876660341553, "y_std": 19.035731180855233, "X_mean": [0.004249615733344011, 0.005768023409986863, -0.008596209218676713, 0.020473985505189723, 0.0012083250429815039, -0.0087638255080329, 0.0021507734516998532, -0.0005029189034166129, -1.0, -0.016625191580731453, 0.4592773786407667], "X_std": [0.9822720051692388, 1.0023856247349445, 1.0028637249137382, 0.9969563229626925, 0.9998800475668176, 0.9837695564497279, 0.9849836704602565, 0.999287688981978, 1.0, 0.9710140998817628, 0.4982846534336508], "mean": 29.959876660341553, "std": 19.035731180855233}