{"y_mean": 26.282285714285713, "y_std": 21.983558494047873, "X_mean": [-0.021169763545771044, 0.05224241784256842, -0.10833220885022517, 0.7074179752919506, -0.0359418461025425, -0.20716715206619377, 0.29022729245348683, -0.32266577803509516, 0.8336292830560147, 0.000791525807681068, 0.31841678899081527], "X_std": [0.9580072822874584, 1.04688957831838, 0.9644045475831893, 0.8686032054726592, 0.997855449711234, 0.8036229885300051, 1.0831772697149247, 0.5241667407930823, 3.951217593708372, 0.9773061991134605, 0.46578898565605753], "mean": 26.282285714285713, "std": 21.983558494047873}